<?xml version="1.0" encoding="utf-8"?>
<!--Titan-->
<window id="5534">
    <defaultcontrol always="true">8000</defaultcontrol>
    <controls>
        <!--Dialog Overlay-->
		<control type="group">
			<include>DialogOverlayExtra</include>
			<animation effect="fade" time="250" start="0" end="100" reversible="false">WindowOpen</animation>
        </control>
		
        <!--Dialog OpenElec Settings-->
        <control type="group">
             <visible>!Window.IsVisible(yesnodialog) + !Window.IsActive(filebrowser)</visible>
			<animation type="WindowOpen">
				<effect type="slide" start="1200" end="0" time="250" tween="cubic" easing="inout" />
			</animation>
			<animation type="WindowClose">
				<effect type="slide" start="0" end="1200" time="250" tween="cubic" easing="inout" />
			</animation>
            <!--Panel-->
            <animation type="WindowOpen">
				<effect type="slide" start="1200" end="0" time="250" tween="cubic" easing="inout" />
			</animation>
			<animation type="WindowClose">
				<effect type="slide" start="0" end="1200" time="250" tween="cubic" easing="inout" />
			</animation>
            <!--Panel-->
            <control type="image">
                <posx>630</posx>
                <posy>0</posy>
                <width>1340</width>
                <height>100%</height>
				<texture border="15">diffuse/bgpanel.png</texture>
				<animation effect="fade" end="99" time="0" condition="true">Conditional</animation>
				<colordiffuse>$INFO[Skin.String(GeneralPanelsColor)]</colordiffuse>
            </control>
			
			<!-- close dialog -->
			<control type="button">
				<label></label>
				<include>animation_fade_visible_hidden</include>
				<width>60</width>
				<height>60</height>
				<right>60</right>
                <posy>40</posy>
				<font>-</font>
				<texturefocus colordiffuse="white">touchcontrols/icon_close.png</texturefocus>
				<texturenofocus colordiffuse="bbwhite">touchcontrols/icon_close.png</texturenofocus>
				<aspectratio aligny="bottom">keep</aspectratio>
				<onclick>back</onclick>
				<visible>Skin.HasSetting(EnableTouchSupport)</visible>
			</control>
			
			<control type="image">
                <description>LOGO</description>
                <width>600</width>
                <height>160</height>
				<right>0</right>
                <posy>25</posy>
                <aspectratio align="right" aligny="top">keep</aspectratio>
                <texture>MS_logo.png</texture>
				<visible>!Skin.HasSetting(EnableTouchSupport)</visible>
            </control>
			
           <!--Header-->
            <control type="label">
                <description>Heading</description>
                <posx>700</posx>
                <posy>10</posy>
                <width>1200</width>
				<font>Bold45</font>
				<shadowcolor>black</shadowcolor>
                <align>left</align>
				<height>100</height>
				<label>Instellingen</label>
            </control>

						
			<control type="image">
				<posx>680</posx>
                <posy>165</posy>
				<width>1200</width>
				<height>820</height>
				<texture border="5">dialogs/default/inner.png</texture>
			</control>
			
			<control type="textbox" id="1400">
                <description>Appearance Description</description>
                <posx>700</posx>
				<posy>90</posy>
				<width>720</width>
				<height>70</height>
                <font>Reg20</font>
                <label>Configureer uw MovieStreamer naar wens</label>
                <align>left</align>
                <textcolor>aawhite</textcolor>
            </control>
			
		
            <!-- Content -->
            <control type="grouplist" id="8000">
                <posx>680</posx>
                <posy>180</posy>
                <width>1200</width>
                <height>800</height>
				<ondown>1000</ondown>
                <control type="label" id="8010">
                    <width>1200</width>
                    <height>50</height>
                    <font>Bold30</font>
					<textoffsetx>20</textoffsetx>
                    <label>Media instellingen</label>
                    <textcolor>white</textcolor>
                    <shadowcolor>black</shadowcolor>
                    <align>left</align>
                    <aligny>center</aligny>
                </control>
				
				<control type="radiobutton" id="8011">
                    <textoffsetx>20</textoffsetx>
                    <width>1200</width>
                    <align>left</align>
                    <label>Erotiek-categorie ingeschakeld</label>
                    <height>50</height>
                    <focusedcolor>black</focusedcolor>
                    <font>Reg28</font>
                    <selected>Skin.HasSetting(moviestreamer.enablexxx)</selected>
                </control>
				<control type="button" id="8012">
                    <textoffsetx>20</textoffsetx>
                    <width>1200</width>
                    <align>left</align>
                    <label>Netflix instellingen...</label>
                    <height>50</height>
                    <focusedcolor>black</focusedcolor>
                    <font>Reg28</font>
					<onclick>Addon.OpenSettings(plugin.video.netflixbmc) </onclick>
                    <visible>System.HasAddon(plugin.video.netflixbmc)</visible>
                </control>

				<control type="label" id="8020">
                    <width>1200</width>
                    <height>50</height>
                    <font>Bold30</font>
					<textoffsetx>20</textoffsetx>
                    <label>Algemene instellingen</label>
                    <textcolor>white</textcolor>
                    <shadowcolor>black</shadowcolor>
                    <align>left</align>
                    <aligny>center</aligny>
                </control>
				<control type="button" id="8061">
                    <textoffsetx>20</textoffsetx>
                    <width>1200</width>
                    <align>left</align>
                    <label>Netwerkverbinding instellen</label>
                    <height>50</height>
                    <focusedcolor>black</focusedcolor>
                    <font>Reg28</font>
                    <onclick>RunScript(service.openelec.settings)</onclick>
                    <visible>System.HasAddon(service.openelec.settings)</visible>
                </control>
				<control type="button" id="8062">
                    <textoffsetx>20</textoffsetx>
                    <width>1200</width>
                    <align>left</align>
                    <label>Netwerkverbinding instellen</label>
                    <height>50</height>
                    <focusedcolor>black</focusedcolor>
                    <font>Reg28</font>
                    <onclick>RunScript(script.linux.nm)</onclick>
                    <visible>System.HasAddon(script.linux.nm)</visible>
                </control>
				<control type="button" id="8063">
                    <textoffsetx>20</textoffsetx>
                    <width>1200</width>
                    <align>left</align>
                    <label>Netwerkverbinding instellen</label>
                    <height>50</height>
                    <focusedcolor>black</focusedcolor>
                    <font>Reg28</font>
					<onclick>StartAndroidActivity("com.mbx.settingsmbox")</onclick>
					<visible>System.Platform.Android </visible>
                </control>
				<control type="button" id="8022">
                    <textoffsetx>20</textoffsetx>
                    <width>1200</width>
                    <align>left</align>
                    <label>Geluid/video instellingen</label>
					<onclick>ActivateWindow(systemsettings)</onclick>
                    <height>50</height>
                    <focusedcolor>black</focusedcolor>
                    <font>Reg28</font>
                </control>
				<control type="button" id="8023">
                    <textoffsetx>20</textoffsetx>
                    <width>1200</width>
                    <align>left</align>
                    <label>Weerbericht instellingen</label>
					<onclick>Addon.OpenSettings(weather.yahoo)</onclick>
                    <height>50</height>
                    <focusedcolor>black</focusedcolor>
                    <font>Reg28</font>
                </control>
				<control type="button" id="8024">
                    <textoffsetx>20</textoffsetx>
                    <width>1200</width>
                    <align>left</align>
                    <label>Updates installeren</label>
                    <height>50</height>
                    <focusedcolor>black</focusedcolor>
                    <font>Reg28</font>
                    <onclick>UpdateAddonRepos</onclick>
					<onclick>UpdateLocalAddons</onclick>
                </control>
				<control type="button" id="8025">
                    <textoffsetx>20</textoffsetx>
                    <width>1200</width>
                    <align>left</align>
                    <label>Installeer/Herstel alle moviestreamer instellingen</label>
                    <height>50</height>
                    <focusedcolor>black</focusedcolor>
                    <font>Reg28</font>
                    <onclick>RunScript(script.moviestreamer.nl,INSTALL)</onclick>
                </control>
                <control type="button" id="8026">
                    <textoffsetx>20</textoffsetx>
                    <width>1200</width>
                    <align>left</align>
                    <label>Voer Onderhoud uit</label>
                    <height>50</height>
                    <focusedcolor>black</focusedcolor>
                    <font>Reg28</font>
                    <onclick>RunScript(script.moviestreamer.nl,MAINTENANCE)</onclick>
                </control>
				
				<control type="label" id="8030">
                    <width>1200</width>
                    <height>50</height>
                    <font>Bold30</font>
					<textoffsetx>20</textoffsetx>
                    <label>Geavanceerde instellingen</label>
                    <textcolor>white</textcolor>
                    <shadowcolor>black</shadowcolor>
                    <align>left</align>
                    <aligny>center</aligny>
                </control>
				<control type="group" id="8031">
					<width>1200</width>
					<height>80</height>
					<control type="textbox" id="8032">
						<posx>20</posx>
						<width>1200</width>
						<height>80</height>
						<font>Reg20</font>
						<label>[CR]Onderstaande knoppen geven u toegang tot de geavanceerde instellingen van het systeem. [CR][COLOR=red]Gebruik deze instellingen op eigen risico. Alleen voor ervaren gebruikers![/COLOR]</label>
						<textcolor>white</textcolor>
						<shadowcolor>black</shadowcolor>
						<align>left</align>
						<aligny>center</aligny>
					</control>
				</control>
				<control type="button" id="8033">
                    <textoffsetx>20</textoffsetx>
                    <width>1200</width>
                    <align>left</align>
                    <label>Open geavanceerde instellingen</label>
                    <height>50</height>
                    <focusedcolor>black</focusedcolor>
                    <font>Reg28</font>
                    <onclick>ActivateWindow(settings)</onclick>
                </control>
				
			</control>

			<!--Button Group-->
            <control type="grouplist" id="1000">
                <posx>680</posx>
                <posy>990</posy>
				<orientation>horizontal</orientation>
				<itemgap>20</itemgap>
                <defaultcontrol>5</defaultcontrol>
				<onup>8000</onup>
				<control type="button" id="5">
                    <!--Sluiten-->
                    <width>290</width>
                    <height>80</height>
                    <align>center</align>
                    <label>Sluiten</label>
					<include>DialogButtonOther</include>
                </control>
            </control>
        </control>
    </controls>
</window>